Question,Answer,Topic,Tags
"What is a Cell Reference (Absolute vs Relative)?","<b>ANSWER:</b> How Excel knows which box you are talking about.<br><br><b>Relative Reference (`A1`):</b> If you copy a formula down one row, Excel automatically changes it to `A2`. This is great for doing the same math on a whole column.<br><br><b>Absolute Reference (`$A$1`):</b> The dollar signs lock the cell in place. Even if you copy the formula 100 rows down, it will ALWAYS look exactly at `$A$1` (useful for a fixed tax rate cell).","Excel Fundamentals","excel basics referencing"
"How do you do basic math in Excel? (SUM, AVERAGE, MIN, MAX)","<b>ANSWER:</b> The core calculation functions.<br><br><b>The Code:</b><br>• `Total: =SUM(A1:A10)`<br>• `Average: =AVERAGE(A1:A10)`<br>• `Highest Value: =MAX(A1:A10)`<br>• `Lowest Value: =MIN(A1:A10)`<br><br><i>Tip:</i> The colon `:` means 'everything between'. `A1:A10` means A1, A2, A3... all the way to A10.","Excel Fundamentals","excel math formulas"
"Explain the IF function.","<b>ANSWER:</b> Making Excel make decisions for you.<br><br><b>The Code:</b><br><code>=IF(B2 >= 60, \"Pass\", \"Fail\")</code><br><br><b>How it works:</b><br>1. Check a condition (`B2 >= 60`)<br>2. What to print if it is TRUE (`\"Pass\"`)<br>3. What to print if it is FALSE (`\"Fail\"`)","Excel Fundamentals","excel formulas logic"
"What is VLOOKUP and how does it work?","<b>ANSWER:</b> The ultimate 'Search and Retrieve' tool.<br><br><b>The Simple Explanation:</b><br>You have an Employee ID `105`. You want Excel to scan another table, find `105`, and return their Salary.<br><br><b>The Code:</b><br><code>=VLOOKUP(A2, EmployeeTable!A:D, 4, FALSE)</code><br><br>1. <b>Look up value:</b> The ID you have (`A2`).<br>2. <b>Table Array:</b> Where to search (`EmployeeTable!A:D`).<br>3. <b>Column Index:</b> The column number holding the answer (Salary is the 4th column).<br>4. <b>Exact Match:</b> ALWAYS use `FALSE` to force an exact match, otherwise Excel guesses.","Excel Fundamentals","excel formulas lookup"
"What is the difference between VLOOKUP and XLOOKUP?","<b>ANSWER:</b> XLOOKUP is the modern, vastly superior replacement for VLOOKUP.<br><br><b>Why VLOOKUP is bad:</b> It can only search left-to-right (the ID MUST be in the first column), and if you insert a new column into your table, it breaks your `Column Index` number.<br><br><b>XLOOKUP Code:</b><br><code>=XLOOKUP(A2, EmployeeTable!A:A, EmployeeTable!D:D)</code><br>1. What to look for (`A2`).<br>2. Which specific column to search in (`A:A`).<br>3. Which specific column holds the answer (`D:D`). It never breaks if you add columns!","Excel Fundamentals","excel formulas lookup"
"How do you count items with a condition? (COUNTIF)","<b>ANSWER:</b> Tallying up specific things.<br><br><b>The Simple Explanation:</b><br>You have a list of 500 sales. You want to know exactly how many sales were made by 'John'.<br><br><b>The Code:</b><br><code>=COUNTIF(B:B, \"John\")</code><br><br>It scans column B, and every time it sees exactly \"John\", it adds 1 to the counter.","Excel Fundamentals","excel formulas count"
"How do you sum items with a condition? (SUMIF)","<b>ANSWER:</b> Adding up numbers only if they meet a rule.<br><br><b>The Simple Explanation:</b><br>You want to calculate the Total Sales Dollars, but ONLY for the 'Electronics' department.<br><br><b>The Code:</b><br><code>=SUMIF(A:A, \"Electronics\", C:C)</code><br><br>1. Look in Column A (Departments).<br>2. Find \"Electronics\".<br>3. For every match, add the corresponding number from Column C (Dollars) to the total.","Excel Fundamentals","excel formulas sum"
"What is an IFERROR statement?","<b>ANSWER:</b> Hiding ugly #DIV/0! or #N/A errors.<br><br><b>The Simple Explanation:</b><br>If a VLOOKUP fails to find an ID, it prints `#N/A` on your clean dashboard.<br><br><b>The Code:</b><br><code>=IFERROR(VLOOKUP(A2, Table!A:D, 2, FALSE), \"Not Found\")</code><br><br>It tries the formula first. If the formula works, it prints the answer. If the formula crashes, it prints your clean backup text ('Not Found') instead of an ugly error code.","Excel Fundamentals","excel formulas errors"
"How do you split text into columns? (Text to Columns)","<b>ANSWER:</b> Ripping apart messy data.<br><br><b>The Simple Explanation:</b><br>You get a CSV where a cell contains `Smith, John, 1990`. You want First Name, Last Name, and Year in three separate columns.<br><br><b>The Fix:</b><br>1. Highlight the column.<br>2. Go to Data > Text to Columns.<br>3. Choose 'Delimited' and select Comma as the separator. Excel instantly chops it into 3 clean columns.","Excel Fundamentals","excel data-cleaning"
"How do you combine text from different cells? (CONCATENATE or &)","<b>ANSWER:</b> Gluing data together.<br><br><b>The Simple Explanation:</b><br>You have 'John' in A2 and 'Smith' in B2. You want 'John Smith'.<br><br><b>The Code (Using &):</b><br><code>=A2 & \" \" & B2</code><br><br><b>The Code (Modern TEXTJOIN):</b><br><code>=TEXTJOIN(\" \", TRUE, A2, B2)</code><br>(`TEXTJOIN` is amazing because it can glue an entire column together `A1:A50` with commas automatically).","Excel Fundamentals","excel strings formulas"
"What is a Pivot Table?","<b>ANSWER:</b> The most powerful analytical tool in Excel. It summarizes massive datasets instantly without writing a single formula.<br><br><b>The Simple Explanation:</b><br>You have 10,000 rows of raw sales data. You highlight it, Insert > Pivot Table. <br>You drag 'Department' into the Rows box, and 'Revenue' into the Values box.<br>Instantly, Excel generates a clean summary table showing the total revenue for every department.","Excel Fundamentals","excel pivot-tables analysis"
"How do you extract parts of text? (LEFT, RIGHT, MID)","<b>ANSWER:</b> Pulling specific characters out of a string.<br><br><b>The Simple Explanation:</b><br>You have an invoice code `INV-2023-999`.<br><br><b>The Codes:</b><br>• `LEFT(A2, 3)` returns `INV` (First 3 chars).<br>• `RIGHT(A2, 3)` returns `999` (Last 3 chars).<br>• `MID(A2, 5, 4)` returns `2023` (Start at character 5, grab 4 chars).","Excel Fundamentals","excel strings formulas"
"What is Conditional Formatting?","<b>ANSWER:</b> Making cells change color based on their value.<br><br><b>The Simple Explanation:</b><br>You want to build a heatmap of your sales. <br>Instead of manually highlighting bad cells red, you use Home > Conditional Formatting. <br>You set a rule: `Format cells that are Less Than 50` to Light Red. Now, if a number drops below 50, it turns red automatically.","Excel Fundamentals","excel formatting visuals"
"How do you lock rows/columns so they don't disappear when scrolling? (Freeze Panes)","<b>ANSWER:</b> Keeping your headers visible.<br><br><b>The Fix:</b><br>If you scroll down to row 500, you forget what Column C is supposed to be. <br>Click on the cell exactly BELOW the header row, and exactly to the RIGHT of the column you want to lock (usually cell `B2`).<br>Go to View > Freeze Panes > Freeze Panes. Now Row 1 is locked forever.","Excel Fundamentals","excel navigation ui"
"What is Data Validation?","<b>ANSWER:</b> Creating a Dropdown menu to stop people from typing garbage.<br><br><b>The Simple Explanation:</b><br>You want users to enter 'Yes' or 'No'. Without validation, they will type 'yea', 'y', 'NOO'.<br><br><b>The Fix:</b><br>Go to Data > Data Validation. <br>Set Allow to 'List'. <br>Type `Yes, No` in the source box. Now the cell becomes a strict dropdown menu!","Excel Fundamentals","excel data-cleaning validation"
"How do you find and remove duplicate rows?","<b>ANSWER:</b> Cleaning up a messy list.<br><br><b>The Fix:</b><br>You accidentally pasted the client list twice. <br>Highlight the data, go to Data > Remove Duplicates. Excel scans the rows, finds the identical ones, deletes them, and tells you exactly how many it removed.","Excel Fundamentals","excel data-cleaning"
"What is the MATCH function?","<b>ANSWER:</b> Finding the *position* of an item, not the item itself.<br><br><b>The Code:</b><br><code>=MATCH(\"Banana\", A1:A10, 0)</code><br><br>If \"Banana\" is the 4th item in the list, the formula returns the number `4`. It is heavily used in combination with the `INDEX` formula to build advanced lookups.","Excel Fundamentals","excel formulas lookup"
"What is the INDEX function?","<b>ANSWER:</b> Retrieving the value at a specific coordinate.<br><br><b>The Code:</b><br><code>=INDEX(A1:A10, 4)</code><br><br>This tells Excel: Look at this column, and give me the value in the 4th position. (It would return \"Banana\").<br>Combining `INDEX` and `MATCH` together was the pro-level way to do lookups before `XLOOKUP` was invented.","Excel Fundamentals","excel formulas lookup"
"How do you calculate the number of days between two dates? (DATEDIF / subtraction)","<b>ANSWER:</b> Date Math.<br><br><b>The Simple Way:</b><br>Dates in Excel are secretly just numbers (days since Jan 1, 1900). You can literally just subtract them!<br><code>=B2 - A2</code> (End Date minus Start Date gives you the number of days).<br><br><b>The Advanced Way (DATEDIF):</b><br><code>=DATEDIF(A2, B2, \"Y\")</code> returns exactly how many full YEARS have passed between the dates. Great for calculating age!","Excel Fundamentals","excel dates formulas"
"What does F4 do when writing a formula?","<b>ANSWER:</b> The ultimate keyboard shortcut for locking cells.<br><br><b>The Simple Explanation:</b><br>If you type `=A1` and press `F4`, it instantly changes to `=$A$1` (Absolute Reference). Press it again and it cycles through mixed references (`=A$1`, `=$A1`). It saves you from manually typing out dollar signs.","Excel Fundamentals","excel shortcuts navigation"

"What is the VLOOKUP #N/A Error?","<b>ANSWER:</b> It means Excel successfully searched, but the item physically doesn't exist in the table.<br><br><b>The Simple Explanation:</b><br>You asked VLOOKUP to find Employee ID `999`. It looked through the entire list and couldn't find it. It throws `#N/A` (Not Available) to tell you it's missing.<br>Wrap your VLOOKUP in an `IFERROR()` to hide this ugly error message.","Excel Fundamentals","excel errors lookup"
"How do you automatically format data as a Table? (Ctrl + T)","<b>ANSWER:</b> Turning a dumb grid into a smart object.<br><br><b>The Simple Explanation:</b><br>If you highlight your data and press `Ctrl + T` (or Insert > Table), Excel officially recognizes the data as a single unit.<br><b>Benefits:</b><br>1. It auto-colors every other row (banded rows).<br>2. If you add a formula to the top row, it auto-fills the entire column perfectly.<br>3. It automatically expands when you type new data at the bottom.","Excel Fundamentals","excel formatting tables"
"What is a Macro?","<b>ANSWER:</b> Recording your mouse clicks to automate boring tasks.<br><br><b>The Simple Explanation:</b><br>Every morning you download a CSV, delete column C, turn the header blue, and add a filter. <br>Instead of doing this manually, you turn on the Macro Recorder, do the steps ONCE, and stop recording. Excel writes VBA code in the background. Tomorrow, you just click 'Run Macro' and Excel does the whole process for you in 0.1 seconds.","Excel Fundamentals","excel automation macros"
"What is Goal Seek (What-If Analysis)?","<b>ANSWER:</b> Making Excel work backwards to find an answer.<br><br><b>The Simple Explanation:</b><br>You are calculating a loan payment. You know you want the final monthly payment to be exactly $500, but you don't know what interest rate you need to get that number.<br><br><b>The Fix:</b><br>Data > What-If Analysis > Goal Seek. <br>Tell it: Set cell (Payment) to 500, by changing cell (Interest Rate). Excel rapidly tests thousands of numbers until it finds the exact rate for you.","Excel Fundamentals","excel analysis what-if"
"How do you paste just the values, not the formulas? (Paste Special)","<b>ANSWER:</b> Hardcoding the results of a formula.<br><br><b>The Simple Explanation:</b><br>You used `=A1+B1` in cell C1 and got `100`. You want to send this to your boss, but if you delete columns A and B, column C crashes and says `#REF!`.<br><br><b>The Fix:</b><br>Copy Column C. Right-click, and select 'Paste as Values' (the clipboard icon with a 123). It deletes the underlying formula `=A1+B1` and permanently replaces it with the hard number `100`.","Excel Fundamentals","excel formatting ui"
"What is a Sparkline?","<b>ANSWER:</b> A tiny chart that fits inside a single cell.<br><br><b>The Simple Explanation:</b><br>You have 12 months of sales data taking up columns A through L. You want a quick visual trendline on the far right (Column M).<br>Insert > Sparklines > Line. Select the 12 cells. It draws a mini line-graph directly inside cell M, providing an instant visual without cluttering the screen with a massive chart.","Excel Fundamentals","excel visuals charts"
"How do you protect a sheet from being messed up? (Protect Sheet)","<b>ANSWER:</b> Locking cells so other people can't delete your formulas.<br><br><b>The Simple Explanation:</b><br>You built an amazing calculator. You send it to a coworker, and they accidentally type over your complex VLOOKUP, destroying it.<br><br><b>The Fix:</b><br>Review > Protect Sheet. You can add a password. By default, it completely locks every single cell on the screen from being edited. (You can right-click specific input cells > Format Cells > Protection > uncheck 'Locked' before protecting the sheet, so they can only type in the input boxes).","Excel Fundamentals","excel security ui"
"What is the difference between COUNT, COUNTA, and COUNTBLANK?","<b>ANSWER:</b> Different ways to count cells.<br><br>• <b>COUNT(A:A):</b> Only counts cells that contain NUMBERS.<br>• <b>COUNTA(A:A):</b> Counts cells that contain ANYTHING (Numbers, Text, Errors). It counts all non-empty cells.<br>• <b>COUNTBLANK(A:A):</b> Only counts cells that are completely EMPTY.","Excel Fundamentals","excel formulas count"
"What is the #REF! Error?","<b>ANSWER:</b> The 'Missing Data' explosion.<br><br><b>The Simple Explanation:</b><br>You wrote `=A1+B1`. It worked perfectly. Then, you right-clicked Column A and hit 'Delete'.<br>The formula is now trying to add something that physically ceased to exist. Excel panics and outputs `#REF!` (Reference Error). You must fix the formula to point to valid cells again.","Excel Fundamentals","excel errors formulas"
"How do you quickly sum a column with a keyboard shortcut? (Alt + =)","<b>ANSWER:</b> The AutoSum shortcut.<br><br><b>The Simple Explanation:</b><br>You have a column of 50 numbers. You click the empty cell at the very bottom. Instead of typing `=SUM(A1:A50)`, you simply hold `Alt` and press `=`. Excel instantly guesses the range and writes the entire SUM formula for you. Press Enter and you're done.","Excel Fundamentals","excel shortcuts formulas"
"What is a Slicer?","<b>ANSWER:</b> A visual, clickable button used to filter Pivot Tables.<br><br><b>The Simple Explanation:</b><br>Normally, to filter a Pivot Table by 'Region', you have to click a tiny dropdown arrow and check tiny boxes. <br>If you click your Pivot Table > Insert > Slicer > 'Region', it creates a beautiful floating box with giant buttons for 'North', 'South', 'East', 'West'. Clicking a button instantly filters the Pivot Table and looks incredibly professional on Dashboards.","Excel Fundamentals","excel pivot-tables ui"
"How do you remove extra spaces from text? (TRIM)","<b>ANSWER:</b> Cleaning up sloppy typing.<br><br><b>The Simple Explanation:</b><br>A user typed `\"   John  Smith  \"`. If you try to VLOOKUP `\"John Smith\"`, it will fail because of the invisible spaces.<br><br><b>The Code:</b><br><code>=TRIM(A2)</code><br><br>This aggressively deletes all leading spaces, trailing spaces, and reduces multiple middle spaces down to exactly one single space.","Excel Fundamentals","excel data-cleaning strings"
"How do you find the highest/lowest values with a condition? (MAXIFS / MINIFS)","<b>ANSWER:</b> Finding extremes within a specific category.<br><br><b>The Simple Explanation:</b><br>You want to find the absolute Highest Salary, but ONLY within the 'Sales' department.<br><br><b>The Code:</b><br><code>=MAXIFS(C:C, A:A, \"Sales\")</code><br><br>1. Max Range: Where the numbers are (Column C - Salary).<br>2. Criteria Range: Where the categories are (Column A - Department).<br>3. Criteria: The specific rule (\"Sales\").","Excel Fundamentals","excel formulas logic"
"How do you join data from multiple sheets together? (Power Query)","<b>ANSWER:</b> Excel's hidden heavy-duty data engine.<br><br><b>The Simple Explanation:</b><br>You get a new sales CSV every single day. Copying and pasting them into a master sheet takes hours. <br>Go to Data > Get Data > From Folder. Point it at a folder. Power Query will automatically grab all 50 CSVs in that folder, stack them on top of each other perfectly, and load them into one massive Excel table in 5 seconds.","Excel Fundamentals","excel data-cleaning advanced"
"How do you quickly transpose data (swap rows and columns)?","<b>ANSWER:</b> Flipping data sideways.<br><br><b>The Simple Explanation:</b><br>You have months listed downwards in Column A, but you actually want them listed horizontally across Row 1.<br><br><b>The Fix:</b><br>Highlight the data. Copy it (Ctrl+C). Right-click the new destination cell > Paste Special > check the 'Transpose' box. It instantly rotates the data 90 degrees.","Excel Fundamentals","excel formatting data-cleaning"
