Question,Answer,Topic,Tags,CardType
"An analyst runs `cross_val_score` and gets accuracy scores of `[0.91, 0.45, 0.88, 0.92, 0.89]`. What does that sudden drop to 0.45 indicate?","<b>ANSWER:</b> The model is highly unstable depending on the specific slice of data it is trained on.<br><br><b>The Fix:</b> The data might not be shuffled properly before splitting, or one fold contains a disproportionate amount of a specific class. Consider using `StratifiedKFold`.",Analyst ML,ml sklearn cross-validation debug type-debug,debug
"Write a try/except block from scratch that attempts to open 'missing.txt' for reading, and if it fails due to the file not existing, creates a blank 'missing.txt' file.","<b>ANSWER:</b><br><code>try:<br>    with open('missing.txt', 'r') as f:<br>        pass<br>except FileNotFoundError:<br>    with open('missing.txt', 'w') as f:<br>        pass</code>",Python Core,python core exception file-handling type-fromscratch,fromscratch
"You have a dataset where predicting 'False' is easy, but predicting 'True' is hard. You want to explicitly tell XGBoost to pay more attention to the 'True' minority class. Which parameter do you adjust?","<b>ANSWER:</b> Adjust the <code>scale_pos_weight</code> parameter.<br><br><b>The Simple Explanation:</b><br>This parameter scales the penalty for getting the positive (minority) class wrong. If you have 10 times more negatives than positives, you set it to 10.",Analyst ML,ml xgboost imbalance type-scenario,scenario
You need to combine the results of two identical queries into a single column. The queries pull email addresses from a 'Staff' table and a 'Contractors' table. You also want to ensure duplicate emails are removed. Which operator is appropriate?,"<b>ANSWER:</b> Use the <code>UNION</code> operator.<br><br><b>The Simple Explanation:</b><br>`UNION` stacks the results of two queries vertically and automatically removes duplicates. If you want to keep duplicates, use `UNION ALL` (which is also faster).<br><br><b>The Code:</b><br><code>SELECT Email FROM Staff UNION SELECT Email FROM Contractors;</code>",SQL Postgres,sql set-operations union type-scenario,scenario
"Write a one-line list comprehension that squares every number in the list `nums = [1, 2, 3]`.",<b>ANSWER:</b><br><code>squared = [x**2 for x in nums]</code>,Python Core,python core list-comprehension type-fromscratch,fromscratch
You want to calculate a 3-day moving average of daily sales. How do you construct the window frame within the OVER() clause to achieve this?,"<b>ANSWER:</b> Use <code>ROWS BETWEEN 2 PRECEDING AND CURRENT ROW</code> within the window function.<br><br><b>The Simple Explanation:</b><br>A window frame explicitly defines the subset of rows to include in the calculation. For a 3-day average, you include the current day and the 2 days before it.<br><br><b>The Code:</b><br><code>SELECT Date, Sales, AVG(Sales) OVER (ORDER BY Date ROWS BETWEEN 2 PRECEDING AND CURRENT ROW) as MovingAvg FROM DailySales;</code>",SQL Postgres,sql window-function moving-average type-scenario,scenario
"If you run `bool(re.search(r'\d+', 'abc'))`, what is the output?","<b>ANSWER:</b> `False`<br><br><b>The Simple Explanation:</b><br>`\d+` looks for 1 or more digits. 'abc' has no digits, so `re.search` returns `None`, which evaluates to `False`.",Python Core,python core regex search predict type-predict,predict
"This code is supposed to drop rows containing NaNs, but `df` still has missing values when checked later. Why?<br><code>df.dropna(subset=['Email'])</code>",<b>ANSWER:</b> Pandas operations are usually not in-place. It returned a cleaned copy but didn't modify the original.<br><br><b>The Fix:</b><br><code>df = df.dropna(subset=['Email'])</code> or use <code>inplace=True</code>.,Analyst Python,pandas analyst data-cleaning dropna inplace type-debug,debug
How do you handle JSON in Postgres vs MySQL?,"<b>ANSWER:</b><br>Postgres uses the highly optimized <code>JSONB</code> type with advanced indexing.<br>MySQL added a native <code>JSON</code> type in 5.7, but its querying operators differ (e.g., `JSON_EXTRACT` instead of `->>`).",SQL Dialect Diff,sql json dialect compare type-compare,compare
You have a dataset of customer churn and want to evaluate how well your model will perform on unseen future data. What is the fundamental first step in sklearn before training?,"<b>ANSWER:</b> Split the data into a training set and a testing set using <code>train_test_split</code>.<br><br><b>The Simple Explanation:</b><br>You train the model on ~80% of the data, and hold back the remaining ~20% to test its accuracy. If you test it on the same data it learned from, it will look artificially smart (overfitting).",Analyst ML,ml sklearn train_test_split type-scenario,scenario
"Your manager wants a report showing the top 3 highest-paid employees in each department. If there is a tie in salary, they should receive the same rank, and the next rank should be skipped. Which SQL function do you use and how?","<b>ANSWER:</b> Use the <code>RANK()</code> window function partitioned by department.<br><br><b>The Simple Explanation:</b><br>`RANK()` gives identical values the same rank and skips the subsequent ranks (e.g., 1, 1, 3). If you didn't want to skip numbers, you'd use `DENSE_RANK()`.<br><br><b>The Code:</b><br><code>SELECT Department, Employee, Salary, RANK() OVER (PARTITION BY Department ORDER BY Salary DESC) as Rank_Num FROM Employees;</code>",SQL Postgres,sql window-function ranking type-scenario,scenario
"What does this code do?<br><code>import joblib<br>joblib.dump(model, 'churn_model.pkl')</code>",<b>ANSWER:</b> It serializes (saves) the trained machine learning model to a file on your hard drive.<br><br><b>The Simple Explanation:</b><br>Training a model can take hours. Saving it allows you to load it later (`joblib.load`) in a different script to instantly make predictions on new daily data.,Analyst ML,ml sklearn save joblib type-reverse,reverse
"Given a DataFrame `df` with numeric columns `A` and `B`, what does `df.corr()` return?","<b>ANSWER:</b> A correlation matrix DataFrame (usually 2x2 here) showing the Pearson correlation coefficients between the columns, ranging from -1 to 1.",Analyst Python,pandas analyst statistics correlation predict type-predict,predict
"Fill in the blank to perform 5-fold cross-validation on a model:<br><code>from sklearn.model_selection import cross_val_score<br>scores = cross_val_score(model, X, y, ____=5)</code>",<b>ANSWER:</b> <code>cv</code> (stands for cross-validation),Analyst ML,ml sklearn cross-validation type-cloze,cloze
"What does `classification_report(y_test, predictions)` output?","<b>ANSWER:</b> A formatted text report showing the Precision, Recall, F1-Score, and Support (count) for each class in the dataset.<br><br><b>The Simple Explanation:</b><br>It is the fastest way to get a comprehensive view of how well a classifier is performing across all categories.",Analyst ML,ml sklearn evaluation report type-reverse,reverse
"`pd.concat([df1, df2], axis=0)` vs `pd.concat([df1, df2], axis=1)` — what is the result of each?","<b>ANSWER:</b><br><code>axis=0</code> (default): Stacks the DataFrames vertically, adding rows (like a SQL UNION).<br><code>axis=1</code>: Glues the DataFrames horizontally side-by-side, adding columns based on the index.",Analyst Python,pandas analyst concat compare type-compare,compare
"If a model predicts housing prices in dollars (continuous values), which type of baseline algorithm should you use from sklearn: `LogisticRegression` or `LinearRegression`?","<b>ANSWER:</b> `LinearRegression`<br><br><b>The Simple Explanation:</b><br>Linear Regression predicts continuous numbers (e.g., price, age). Despite the name, Logistic Regression predicts probabilities for classification (e.g., Yes/No, Churn/Retain).",Analyst ML,ml sklearn algorithm predict type-predict,predict
What does `GROUPING SETS` do compared to a standard `GROUP BY`?,"<b>ANSWER:</b><br>It allows you to compute multiple `GROUP BY` aggregations (like grouping by Region, then grouping by Month, then grand total) in a single query, rather than writing multiple queries with `UNION ALL`.",SQL Postgres,sql group-by grouping-sets compare type-compare,compare
"This is supposed to update overdue orders, but the analyst ran it and every row in the table changed status. What went wrong?<br><code>UPDATE Orders SET Status = 'Overdue';</code>","<b>ANSWER:</b> Missing WHERE clause — without one, UPDATE applies to every row in the table.<br><br><b>The Fix:</b><br><code>UPDATE Orders SET Status = 'Overdue' WHERE DueDate < CURRENT_DATE AND Status != 'Paid';</code>",SQL Postgres,sql dml update type-debug,debug
"What does this code do?<br><code>keys = ['name', 'age']<br>vals = ['Alice', 30]<br>result = dict(zip(keys, vals))</code>","<b>ANSWER:</b> It combines two separate lists into a single dictionary.<br><br><b>The Simple Explanation:</b><br>`zip()` pairs up corresponding elements from multiple iterables, and wrapping it in `dict()` turns those pairs into key-value bindings.",Python Core,python core zip dict type-reverse,reverse
What is the difference between an `IN` subquery and an `EXISTS` correlated subquery?,"<b>ANSWER:</b><br><code>IN</code> evaluates the subquery once, returning a list of values to check against.<br><code>EXISTS</code> evaluates the subquery row-by-row (correlated) and stops as soon as it finds a true match, often making it much faster for large tables.",SQL Postgres,sql subqueries exists compare type-compare,compare
Fill in the blank to log a warning message to the console using the logging module:<br><code>import logging<br>logging.____('API rate limit approaching!')</code>,<b>ANSWER:</b> <code>warning</code>,Python Core,python core logging warning type-cloze,cloze
"If `model.feature_importances_` returns `[0.7, 0.2, 0.1]`, which feature had the biggest impact on the predictions?","<b>ANSWER:</b> The first feature (index 0).<br><br><b>The Simple Explanation:</b><br>Tree-based models (like Random Forest or XGBoost) assign an importance score between 0 and 1 to every feature, summing to 1.0. The highest number is the most important driver.",Analyst ML,ml sklearn feature-importance predict type-predict,predict
You want to concatenate strings in a group. What function do you use in Postgres vs MySQL?,"<b>ANSWER:</b><br>Postgres: <code>STRING_AGG(col, ', ')</code><br>MySQL: <code>GROUP_CONCAT(col SEPARATOR ', ')</code>",SQL Dialect Diff,sql string-agg group-concat dialect compare type-compare,compare
"You are analyzing a dataset and need to filter a DataFrame to only include rows where the 'Status' column is either 'Completed', 'Processing', or 'Shipped'. Writing multiple OR conditions is messy. What is the cleanest method?","<b>ANSWER:</b> Use the <code>isin()</code> method.<br><br><b>The Simple Explanation:</b><br>`isin()` checks if each element in the Series is contained in the provided list, returning a boolean mask perfect for filtering.<br><br><b>The Code:</b><br><code>valid_statuses = ['Completed', 'Processing', 'Shipped']<br>filtered_df = df[df['Status'].isin(valid_statuses)]</code>",Analyst Python,pandas analyst filtering isin type-scenario,scenario
`os.path` vs `pathlib` — what's the difference and which is preferred in modern Python?,"<b>ANSWER:</b><br><code>os.path</code>: Older, string-based path manipulation.<br><code>pathlib</code>: Newer, object-oriented approach (Path objects) preferred in Python 3. It's much cleaner and automatically handles Windows/Mac slash differences.",Python Files,python files os pathlib compare type-compare,compare
"This query fails in MySQL but works in Postgres. Why?<br><code>SELECT * FROM ""Users"" WHERE ""Email"" = 'test';</code>","<b>ANSWER:</b> Double quotes for identifiers.<br><br><b>The Simple Explanation:</b><br>Postgres uses double quotes `""` for case-sensitive table/column names. MySQL uses backticks `` ` ``.",SQL Dialect Diff,sql identifiers quotes dialect type-debug,debug
You want to extract the 'city' string from a Postgres JSONB column named `user_metadata`. Which operator is preferred to extract it as text?,"<b>ANSWER:</b> The <code>-&gt;&gt;</code> operator.<br><br><b>The Simple Explanation:</b><br>`-&gt;` returns a JSON object, while `-&gt;&gt;` returns the value as raw text, which is usually what you want for filtering or displaying.<br><br><b>The Code:</b><br><code>SELECT user_metadata-&gt;&gt;'city' FROM Users;</code>",SQL Postgres,sql jsonb postgres type-scenario,scenario
"If an XGBoost churn model outputs `[0.1, 0.9, 0.4]` when calling `model.predict_proba(X)`, what do these numbers represent?","<b>ANSWER:</b> The predicted probability that each row belongs to the positive class (e.g., 10%, 90%, 40% chance of churning).",Analyst ML,ml xgboost predict_proba predict type-predict,predict
You need to merge two folders of CSV exports into one file every night via a scheduled script. How do you loop through all files matching a pattern in a directory?,"<b>ANSWER:</b> Use <code>glob.glob()</code> to pattern-match files.<br><br><b>The Simple Explanation:</b><br>glob returns a list of file paths matching a wildcard pattern, so you can loop through and process each one without hardcoding filenames.<br><br><b>The Code:</b><br><code>import glob<br>for file in glob.glob('data/*.csv'):<br>    process(file)</code>",Python Files,python files glob pattern type-scenario,scenario
"Given the frame <code>ROWS BETWEEN UNBOUNDED PRECEDING AND CURRENT ROW</code>, what is the output of SUM(Sales) on row 3 if Sales are [10, 20, 30]?",<b>ANSWER:</b> 60<br><br><b>The Simple Explanation:</b><br>It sums from the very beginning (unbounded preceding) up to the current row (30). 10 + 20 + 30 = 60.,SQL Postgres,sql window-function frame predict type-predict,predict
Fill in the blank to import the industry-standard gradient boosting library widely used by analysts for tabular data:<br><code>from ____ import XGBClassifier</code>,"<b>ANSWER:</b> <code>xgboost</code><br><br><b>The Simple Explanation:</b><br>XGBoost (Extreme Gradient Boosting) is not part of sklearn, but it uses the exact same `.fit()` and `.predict()` API. It is often the most accurate model for tabular business data.",Analyst ML,ml xgboost import type-cloze,cloze
"Fill in the blank to replace all spaces with underscores in a string using regex:<br><code>import re<br>clean_str = re.____(r'\s+', '_', 'messy   string')</code>",<b>ANSWER:</b> <code>sub</code>,Python Core,python core regex string type-cloze,cloze
You want to identify and remove all completely duplicate rows in your DataFrame to ensure data integrity before reporting. What two methods handle this process?,"<b>ANSWER:</b> Use <code>duplicated()</code> to find them, and <code>drop_duplicates()</code> to remove them.<br><br><b>The Simple Explanation:</b><br>`drop_duplicates()` creates a new DataFrame with duplicate rows removed. You can also specify a subset of columns to consider when looking for duplicates.<br><br><b>The Code:</b><br><code># To check count: print(df.duplicated().sum())<br>df_clean = df.drop_duplicates()</code>",Analyst Python,pandas analyst duplicates type-scenario,scenario
Write a simple Python script from scratch that reads a file `config.json` and loads it into a Python dictionary.,"<b>ANSWER:</b><br><code>import json<br>with open('config.json', 'r') as f:<br>    config = json.load(f)</code>",Python Files,python files json dict type-fromscratch,fromscratch
"What does this code do, and what is this pattern called?<br><code>with open('log.txt', 'r') as f:<br>    lines = f.readlines()</code>","<b>ANSWER:</b> Opens a file safely using a context manager, reads all lines into a list, then auto-closes the file.<br><br><b>The Simple Explanation:</b><br>The `with` statement is a context manager — it guarantees the file is closed even if an error occurs inside the block, so you never need to call `.close()` manually.",Python Files,python files context-manager with type-reverse,reverse
"The model trained on `X_train` successfully, but when calling `model.predict(X_test)`, it throws an error saying the number of features do not match. What likely happened during preprocessing?","<b>ANSWER:</b> `X_test` underwent different preprocessing than `X_train`.<br><br><b>The Fix:</b> Often caused by using `pd.get_dummies()` separately on train/test sets, resulting in missing columns if the test set lacks a certain category. Use sklearn's `OneHotEncoder` and fit it only on the training set.",Analyst ML,ml sklearn predict debug shape type-debug,debug
A junior analyst scales both the training data and the testing data separately using `fit_transform` on both. Why is this a serious mistake (Data Leakage)?,<b>ANSWER:</b> The test set must be scaled using the exact same mean and standard deviation learned from the training set.<br><br><b>The Fix:</b><br><code>scaler = StandardScaler()<br>X_train_scaled = scaler.fit_transform(X_train)<br>X_test_scaled = scaler.transform(X_test)</code>,Analyst ML,ml sklearn scaling debug data-leakage type-debug,debug
You are dealing with a complex query containing multiple nested subqueries that are making the code incredibly hard to read and debug. What SQL feature can you use to refactor this query and make it more readable?,"<b>ANSWER:</b> Use a Common Table Expression (CTE) with the <code>WITH</code> clause.<br><br><b>The Simple Explanation:</b><br>A CTE acts like a temporary view or variable for your query. It allows you to break down complex logic into sequential, easy-to-read blocks before your main SELECT statement.<br><br><b>The Code:</b><br><code>WITH RegionalSales AS (SELECT Region, SUM(Sales) as Total FROM Sales GROUP BY Region) SELECT * FROM RegionalSales WHERE Total > 10000;</code>",SQL Postgres,sql cte refactor type-scenario,scenario
"If your Logistic Regression outputs predictions of `[1, 0, 1]`, and your actual `y_test` is `[1, 1, 1]`, what is your accuracy?","<b>ANSWER:</b> 66.6% (or 2/3).<br><br><b>The Simple Explanation:</b><br>The model got the first and third predictions right, but missed the second one.",Analyst ML,ml sklearn accuracy predict type-predict,predict
Write a simple script from scratch that calculates and prints the accuracy score of your `predictions` against the true `y_test` labels.,"<b>ANSWER:</b><br><code>from sklearn.metrics import accuracy_score<br>acc = accuracy_score(y_test, predictions)<br>print(f'Accuracy: {acc}')</code>",Analyst ML,ml sklearn accuracy type-fromscratch,fromscratch
`datetime.now()` vs `datetime.utcnow()` — what's the practical difference?,"<b>ANSWER:</b><br><code>now()</code> returns the local time of the machine running the script.<br><code>utcnow()</code> returns standard UTC time, which is much safer for databases and servers to avoid timezone bugs.",Python Core,python dates datetime timezone compare type-compare,compare
"Fill in the blank to find the position of a space character in PostgreSQL:<br><code>SELECT SUBSTRING(FullName, 1, ____(' ' IN FullName) - 1) as FirstName FROM Users;</code>",<b>ANSWER:</b> <code>POSITION</code>,SQL Postgres,sql strings substring type-cloze,cloze
"You are building a model to predict if a customer will click an ad. The relationship between age, income, and clicking is highly non-linear. What is a good starting algorithm that handles non-linear relationships natively?","<b>ANSWER:</b> Use a <code>RandomForestClassifier</code> (or a single <code>DecisionTreeClassifier</code>).<br><br><b>The Simple Explanation:</b><br>Tree-based models can easily learn non-linear patterns (e.g., 'young and high income' vs 'old and low income') without requiring complex feature engineering like polynomial terms.",Analyst ML,ml sklearn random-forest type-scenario,scenario
Fill in the blank to safely catch a file reading error:<br><code>____:<br>    with open('data.csv') as f:<br>        pass<br>except FileNotFoundError:<br>    print('File missing!')</code>,<b>ANSWER:</b> <code>try</code>,Python Core,python files exception try-except type-cloze,cloze
"What does this code do?<br><code>import json, pandas as pd<br>with open('config.json') as f:<br>    path = json.load(f)['data_path']<br>df = pd.read_csv(path)</code>","<b>ANSWER:</b> It securely loads a file path from an external JSON configuration file, then reads the CSV at that path into Pandas.<br><br><b>The Simple Explanation:</b><br>This is a best practice so you don't hardcode sensitive or environment-specific paths directly in your data analysis script.",Analyst Python,pandas analyst files json read_csv type-reverse,reverse
"This regex fails to extract the year 2023 from 'sales_2023.csv'. Why?<br><code>import re<br>match = re.search(r'[A-Z]{4}', 'sales_2023.csv')</code>","<b>ANSWER:</b> The pattern `[A-Z]{4}` looks for exactly four uppercase letters, not four numbers.<br><br><b>The Fix:</b><br><code>match = re.search(r'\d{4}', 'sales_2023.csv')</code>",Python Core,python files regex debug type-debug,debug
"You are writing a script that might hit an API rate limit. If it receives a `KeyError` when parsing the JSON, you want it to log the error and continue to the next loop iteration, not crash. How?",<b>ANSWER:</b> Use a <code>try / except</code> block combined with <code>continue</code>.<br><br><b>The Simple Explanation:</b><br>Catch the specific error inside the loop so the rest of the script survives.<br><br><b>The Code:</b><br><code>for user in users:<br>    try:<br>        print(user['name'])<br>    except KeyError as e:<br>        logging.error(f'Missing key: {e}')<br>        continue</code>,Python Core,python core try-except loop type-scenario,scenario
What does this code do?<br><code>import os<br>db_pass = os.environ.get('DB_PASSWORD')</code>,<b>ANSWER:</b> It safely retrieves an environment variable.<br><br><b>The Simple Explanation:</b><br>Using `.get()` is safer than `os.environ['DB_PASSWORD']` because it returns `None` instead of crashing if the variable doesn't exist.,Python Files,python files os environment variables type-reverse,reverse
"Write the standard two lines of code to train a `LogisticRegression` model named `model` on training data `X_train` and `y_train`, and then make predictions on `X_test`.","<b>ANSWER:</b><br><code>model.fit(X_train, y_train)<br>predictions = model.predict(X_test)</code>",Analyst ML,ml sklearn fit predict type-fromscratch,fromscratch
`os.walk()` vs `os.listdir()` — what's the difference?,"<b>ANSWER:</b><br><code>os.listdir()</code> returns only the immediate contents of a single directory.<br><code>os.walk()</code> recursively visits every subdirectory tree, yielding a tuple of (dirpath, dirnames, filenames) for each level.",Python Files,python files os directory tree compare type-compare,compare
"Fill in the blank to convert a string into a datetime object:<br><code>from datetime import datetime<br>dt = datetime.____('2023-01-01', '%Y-%m-%d')</code>",<b>ANSWER:</b> <code>strptime</code> (String Parse Time),Python Core,python dates datetime strptime type-cloze,cloze
What is the purpose of `FIRST_VALUE()` vs `LAST_VALUE()` in a window function?,<b>ANSWER:</b><br><code>FIRST_VALUE()</code> gets the value from the first row in the window frame.<br><code>LAST_VALUE()</code> gets the value from the last row. *Note: You often need to change the default frame to `UNBOUNDED FOLLOWING` for LAST_VALUE to work as expected.*,SQL Postgres,sql window-function compare type-compare,compare
"Fill in the blank to extract all email addresses from a string into a list:<br><code>emails = re.____(r'\b[A-Za-z0-9._%+-]+@[A-Za-z0-9.-]+\.[A-Z|a-z]{2,7}\b', text)</code>",<b>ANSWER:</b> <code>findall</code>,Python Core,python core regex extract type-cloze,cloze
"What does this code do in Postgres, and why doesn't it exist in MySQL?<br><code>SELECT * FROM Users WHERE Name ILIKE '%john%';</code>","<b>ANSWER:</b> It performs a case-insensitive match for 'john'.<br><br><b>The Simple Explanation:</b><br>In Postgres, `LIKE` is strictly case-sensitive, so `ILIKE` was added. In MySQL, `LIKE` is already case-insensitive by default (depending on collation).",SQL Dialect Diff,sql like ilike dialect type-reverse,reverse
How do you extract the year from a date in MySQL vs Postgres?,<b>ANSWER:</b><br>Both support standard SQL: <code>EXTRACT(YEAR FROM date)</code>.<br>MySQL also has a handy shortcut: <code>YEAR(date)</code>.,SQL Dialect Diff,sql dates year dialect compare type-compare,compare
"Fill in the blank to pull the date of the previous row into the current row for subtraction:<br><code>SELECT UserID, LoginDate, ____(LoginDate, 1) OVER (PARTITION BY UserID ORDER BY LoginDate) as PrevLogin FROM UserLogs;</code>","<b>ANSWER:</b> <code>LAG</code><br><br><b>The Simple Explanation:</b><br>`LAG()` reaches back to a previous row and pulls its value into the current row. (`LEAD()` does the opposite, looking ahead).",SQL Postgres,sql window-function lag type-cloze,cloze
You just inserted a row and want to immediately get the auto-generated ID back. How does Postgres handle this elegantly?,<b>ANSWER:</b> Using the <code>RETURNING</code> clause.<br><br><b>The Code:</b><br><code>INSERT INTO Users (Name) VALUES ('Alice') RETURNING id;</code><br>(MySQL doesn't support this; you'd use `LAST_INSERT_ID()`).,SQL Dialect Diff,sql returning insert dialect type-scenario,scenario
"As an analyst, you often need to quickly get a sense of the distribution of numerical data in a DataFrame. What single Pandas method provides count, mean, standard deviation, min, max, and quartile information for all numeric columns?","<b>ANSWER:</b> Use the <code>describe()</code> method.<br><br><b>The Simple Explanation:</b><br>`describe()` generates descriptive statistics. It is the fastest way to spot outliers, understand the spread of data, and confirm expected value ranges before deep analysis.<br><br><b>The Code:</b><br><code>summary_stats = df.describe()</code>",Analyst Python,pandas analyst statistics exploration type-scenario,scenario
`json.load()` vs `json.loads()` — what's the difference?,<b>ANSWER:</b><br><code>json.load()</code>: Reads JSON data directly from a file object.<br><code>json.loads()</code>: Reads JSON data from a Python String ('s' stands for string).,Python Core,python files json load loads compare type-compare,compare
"What does this code do, and what SQL operation is it equivalent to?<br><code>merged_df = pd.merge(df_users, df_orders, on='user_id', how='left')</code>","<b>ANSWER:</b> It combines `df_users` and `df_orders` side-by-side using `user_id`.<br><br><b>The Simple Explanation:</b><br>This is equivalent to a SQL `LEFT JOIN`. It keeps all users and attaches their orders, placing NaNs where a user has no orders.",Analyst Python,pandas analyst merge joins type-reverse,reverse
Your query is running extremely slow. What command can you prefix your SELECT statement with to see how the database engine plans to execute the query and identify bottlenecks like missing indexes?,"<b>ANSWER:</b> Use the <code>EXPLAIN</code> or <code>EXPLAIN ANALYZE</code> command.<br><br><b>The Simple Explanation:</b><br>`EXPLAIN` reveals the query execution plan (e.g., sequential scans vs index scans). `EXPLAIN ANALYZE` actually runs the query and shows the real execution time for each step.<br><br><b>The Code:</b><br><code>EXPLAIN ANALYZE SELECT * FROM Users WHERE Email = 'test@test.com';</code>",SQL Postgres,sql performance explain type-scenario,scenario
How is a boolean True/False stored natively in Postgres vs MySQL?,"<b>ANSWER:</b><br>Postgres: Has a native <code>BOOLEAN</code> data type.<br>MySQL: Lacks a true boolean, uses <code>TINYINT(1)</code> where 1=True and 0=False under the hood.",SQL Dialect Diff,sql boolean dialect compare type-compare,compare
Scaling requirement: `StandardScaler` vs Tree-based models (Random Forest / XGBoost) — what's the rule?,"<b>ANSWER:</b><br>Models relying on distance/math (Linear Regression, Logistic, K-Means) <b>require</b> scaling.<br>Tree-based models (Random Forest, XGBoost) do <b>not</b> require scaling, as they split data purely based on thresholds.",Analyst ML,ml sklearn scaling trees compare type-compare,compare
"A DataFrame column 'OrderDate' is currently stored as a string object (e.g., '2023-10-25'). For time-series analysis, you need to extract the month. How do you first convert the column, and then extract the month?","<b>ANSWER:</b> Convert with <code>pd.to_datetime()</code>, then use the <code>.dt</code> accessor.<br><br><b>The Simple Explanation:</b><br>Pandas needs columns in a true datetime format to perform date math. Once converted, the `.dt` object exposes powerful date properties like `.dt.month`, `.dt.year`, and `.dt.day_name()`.<br><br><b>The Code:</b><br><code>df['OrderDate'] = pd.to_datetime(df['OrderDate'])<br>df['Month'] = df['OrderDate'].dt.month</code>",Analyst Python,pandas analyst dates datetime type-scenario,scenario
"This Postgres query is failing in MySQL. Fix it.<br><code>SELECT TO_CHAR(OrderDate, 'YYYY-MM') FROM Orders;</code>","<b>ANSWER:</b> <code>TO_CHAR</code> is Postgres/Oracle specific.<br><br><b>The Fix:</b> Use MySQL's <code>DATE_FORMAT</code>.<br><code>SELECT DATE_FORMAT(OrderDate, '%Y-%m') FROM Orders;</code>",SQL Dialect Diff,sql dates format dialect type-debug,debug
"Fill in the blank to append today's date to a CSV export filename using f-strings and datetime:<br><code>from datetime import datetime<br>today = datetime.now().strftime('%Y%m%d')<br>df.to_csv(f'sales_____.csv', index=False)</code>",<b>ANSWER:</b> <code>{today}</code>,Analyst Python,pandas analyst files datetime export type-cloze,cloze
"This script reads a file but prints strange characters and throws a `UnicodeDecodeError`. What is missing?<br><code>with open('weird_data.csv', 'r') as f:<br>    text = f.read()</code>","<b>ANSWER:</b> It's missing the `encoding` parameter.<br><br><b>The Fix:</b><br><code>with open('weird_data.csv', 'r', encoding='utf-8') as f:</code><br>*(or 'latin-1' if utf-8 fails)*",Python Files,python files unicode encoding type-debug,debug
"`df.to_csv('out.csv')` vs `df.to_csv('out.csv', index=False)` — what is the visual difference in the resulting CSV file?","<b>ANSWER:</b><br>The first creates a CSV with an extra unnamed first column containing the pandas integer row index (0, 1, 2...).<br>The second (`index=False`) omits this column, which is usually preferred unless the index contains meaningful data like a timestamp.",Analyst Python,pandas analyst files export csv compare type-compare,compare
You want to ensure that scaling and model training are tightly coupled so you never accidentally leak data or forget a step when predicting on new data. Which sklearn feature should you use?,"<b>ANSWER:</b> Use a <code>Pipeline</code>.<br><br><b>The Simple Explanation:</b><br>A Pipeline chains multiple steps (like `StandardScaler` then `LogisticRegression`) into a single object. When you call `pipeline.fit()`, it automatically handles the intermediate transformations.<br><br><b>The Code:</b><br><code>from sklearn.pipeline import make_pipeline<br>pipe = make_pipeline(StandardScaler(), LogisticRegression())</code>",Analyst ML,ml sklearn pipeline type-scenario,scenario
What does this code do?<br><code>import pathlib<br>p = pathlib.Path('data.csv')<br>print(p.exists())</code>,"<b>ANSWER:</b> It returns `True` if `data.csv` exists in the current directory, and `False` otherwise.",Python Files,python files pathlib exists type-reverse,reverse
"Your manager wants a summary table where the rows are 'Region', the columns are 'Product_Type', and the values are the average 'Profit'. This requires reshaping the data from a long format to a wide format. Which Pandas function achieves this?","<b>ANSWER:</b> Use the <code>pivot_table()</code> function.<br><br><b>The Simple Explanation:</b><br>Similar to Excel Pivot Tables, Pandas `pivot_table` aggregates and reshapes data based on specified index (rows), columns, and a custom aggregation function (default is mean).<br><br><b>The Code:</b><br><code>pivot = df.pivot_table(index='Region', columns='Product_Type', values='Profit', aggfunc='mean')</code>",Analyst Python,pandas analyst pivot reshape type-scenario,scenario
Fill in the blank to scale features so they have a mean of 0 and variance of 1:<br><code>from sklearn.preprocessing import StandardScaler<br>scaler = StandardScaler()<br>X_scaled = scaler.____(X)</code>,"<b>ANSWER:</b> <code>fit_transform</code><br><br><b>The Simple Explanation:</b><br>`fit_transform` learns the mean/variance of the data AND scales it in one step. (For the test set, you would only use `.transform()`).",Analyst ML,ml sklearn scaling scaler type-cloze,cloze
You need to get a list of all files and folders in a specific directory `C:/logs`. What is the simplest `os` function for this?,<b>ANSWER:</b> Use <code>os.listdir()</code>.<br><br><b>The Code:</b><br><code>import os<br>contents = os.listdir('C:/logs')</code>,Python Files,python files os listdir type-scenario,scenario
`DecisionTreeClassifier` vs `RandomForestClassifier` — which is more interpretable?,"<b>ANSWER:</b><br><code>DecisionTreeClassifier</code> is highly interpretable. You can print out the exact IF/THEN rules it learned.<br><code>RandomForestClassifier</code> is a 'black box'. Because it averages hundreds of trees, you can't easily draw a flowchart of its decision process.",Analyst ML,ml sklearn tree compare type-compare,compare
`mean_squared_error` vs `r2_score` for regression — what is the difference?,"<b>ANSWER:</b><br><code>mean_squared_error (MSE)</code>: The absolute average squared distance between predictions and actuals (in the units of the target squared, e.g., dollars²). Lower is better.<br><code>r2_score (R-Squared)</code>: A relative percentage of variance explained (0.0 to 1.0). Higher is better.",Analyst ML,ml sklearn regression metrics compare type-compare,compare
You have a Pandas DataFrame representing sales data. You need to calculate the total revenue generated by each distinct product category. Which Pandas function sequence is the standard way to accomplish this aggregation?,"<b>ANSWER:</b> Use <code>groupby()</code> followed by an aggregation like <code>sum()</code>.<br><br><b>The Simple Explanation:</b><br>The split-apply-combine strategy is core to pandas. You 'split' the data by category using `groupby`, 'apply' the sum function, and 'combine' the results.<br><br><b>The Code:</b><br><code>category_revenue = df.groupby('Category')['Revenue'].sum().reset_index()</code>",Analyst Python,pandas analyst groupby aggregation type-scenario,scenario
Write a code snippet to pair up feature names (from `X.columns`) with their Random Forest importance scores (`model.feature_importances_`) and store them in a Pandas DataFrame.,"<b>ANSWER:</b><br><code>import pandas as pd<br>fi = pd.DataFrame({'Feature': X.columns, 'Importance': model.feature_importances_})<br>fi = fi.sort_values('Importance', ascending=False)</code>",Analyst ML,ml sklearn feature-importance fromscratch type-fromscratch,fromscratch
You need to split your users into 4 equal quartiles based on their lifetime spend. Which window function handles this bucketing automatically?,"<b>ANSWER:</b> <code>NTILE(4)</code><br><br><b>The Simple Explanation:</b><br>NTILE distributes rows into a specified number of roughly equal groups.<br><br><b>The Code:</b><br><code>SELECT UserID, NTILE(4) OVER (ORDER BY LifetimeSpend DESC) as Quartile FROM Users;</code>",SQL Postgres,sql window-function ntile type-scenario,scenario
`defaultdict(int)` vs `{}` (standard dict) when counting items — what's the difference?,"<b>ANSWER:</b><br><code>defaultdict</code> automatically initializes missing keys with a default value (like 0 for int), so you don't have to check `if key in dict:` before incrementing.<br>A standard dict throws a `KeyError` if you try to modify a non-existent key.",Python Core,python data-structures defaultdict compare type-compare,compare
"If you divide 5 / 2 in Postgres vs MySQL, what are the different results?",<b>ANSWER:</b><br>Postgres: Returns <code>2</code> (integer division truncates the decimal). You must do <code>5.0 / 2</code> to get 2.5.<br>MySQL: Returns <code>2.5</code> automatically.,SQL Dialect Diff,sql math division dialect compare type-predict,predict
"What does this code do?<br><code>import os<br>base = os.path.dirname(os.path.abspath(__file__))<br>file_path = os.path.join(base, 'data', 'config.json')</code>","<b>ANSWER:</b> It securely builds an absolute file path relative to the location of the Python script itself.<br><br><b>The Simple Explanation:</b><br>This prevents 'file not found' errors that happen when you run a script from a different working directory, by anchoring the path to `__file__`.",Python Files,python files os path script-location type-reverse,reverse
"`csv.writer(f)` vs `csv.DictWriter(f, fieldnames)` — what's the difference?","<b>ANSWER:</b><br><code>csv.writer</code> expects you to pass lists of values (e.g., `['Alice', 30]`).<br><code>csv.DictWriter</code> expects you to pass dictionaries (e.g., `{'name': 'Alice', 'age': 30}`) and maps them to the correct columns using the `fieldnames` list.",Python Core,python files csv writer compare type-compare,compare
Fill in the blank for the MySQL equivalent of Postgres' `SERIAL` primary key:<br><code>id INT PRIMARY KEY ____</code>,<b>ANSWER:</b> <code>AUTO_INCREMENT</code>,SQL Dialect Diff,sql auto-increment serial dialect type-cloze,cloze
"Given a cleaned DataFrame `df` with a target column `y`, train an XGBoost classifier, make predictions on a test set, and print the accuracy.","<b>ANSWER:</b><br><code>from xgboost import XGBClassifier<br>from sklearn.model_selection import train_test_split<br>from sklearn.metrics import accuracy_score<br><br>X = df.drop('y', axis=1)<br>y = df['y']<br>X_train, X_test, y_train, y_test = train_test_split(X, y)<br><br>model = XGBClassifier()<br>model.fit(X_train, y_train)<br>preds = model.predict(X_test)<br>print(accuracy_score(y_test, preds))</code>",Analyst ML,ml xgboost full-workflow fromscratch type-fromscratch,fromscratch
Fill in the blank to extract the year from a timestamp in PostgreSQL/MySQL:<br><code>SELECT ____(YEAR FROM OrderDate) as OrderYear FROM Sales;</code>,<b>ANSWER:</b> <code>EXTRACT</code>,SQL Postgres,sql dates timestamp type-cloze,cloze
"You notice that a 'Price' column in your DataFrame is represented as a string with dollar signs (e.g., '$1,200.50'). You need to convert this to a float to perform mathematical operations. How do you clean this column?","<b>ANSWER:</b> Use the <code>.str.replace()</code> method to remove characters, then <code>astype(float)</code>.<br><br><b>The Simple Explanation:</b><br>The `.str` accessor allows string manipulation on the entire column. You strip out the non-numeric characters before casting the type.<br><br><b>The Code:</b><br><code>df['Price'] = df['Price'].str.replace('$', '').str.replace(',', '').astype(float)</code>",Analyst Python,pandas analyst data-cleaning strings type-scenario,scenario
Write a query to quickly inspect the first 10 rows of a large table named `LargeTable` using standard Postgres/MySQL syntax.,<b>ANSWER:</b><br><code>SELECT * FROM LargeTable LIMIT 10;</code>,SQL Postgres,sql limit type-fromscratch,fromscratch
"This script loops over a list and tries to print the index and value, but it's throwing an error. How do you fix it?<br><code>for i, val in my_list:<br>    print(i, val)</code>","<b>ANSWER:</b> You cannot unpack a standard list like that directly.<br><br><b>The Fix:</b> Use <code>enumerate()</code> to generate the index.<br><code>for i, val in enumerate(my_list):</code>",Python Core,python core loop enumerate type-debug,debug
"What does this code do?<br><code>import csv<br>with open('data.csv', mode='r') as file:<br>    reader = csv.DictReader(file)<br>    for row in reader:<br>        print(row['email'])</code>","<b>ANSWER:</b> It reads a CSV file line by line, converting each row into a dictionary using the header row as keys, and prints the 'email' column.<br><br><b>The Simple Explanation:</b><br>`DictReader` is extremely useful because it maps header names to values automatically, avoiding index-based access like `row[2]`.",Python Core,python files csv dictreader type-reverse,reverse
"You are cleaning a dataset and notice a column contains string values with messy extra spaces at the beginning and end, e.g., '  Data   '. How do you clean this directly in SQL?","<b>ANSWER:</b> Use the <code>TRIM()</code> function.<br><br><b>The Simple Explanation:</b><br>`TRIM()` removes leading and trailing spaces from a string. For specific sides, use `LTRIM()` or `RTRIM()`.<br><br><b>The Code:</b><br><code>SELECT TRIM(column_name) as Cleaned_Data FROM TableName;</code>",SQL Postgres,sql data-cleaning strings type-scenario,scenario
"Write a query to find the second-highest salary in each department, without using LIMIT/OFFSET.","<b>ANSWER:</b><br><code>SELECT Department, Employee, Salary FROM (<br>  SELECT Department, Employee, Salary, DENSE_RANK() OVER (PARTITION BY Department ORDER BY Salary DESC) as rnk<br>  FROM Employees<br>) t WHERE rnk = 2;</code>",SQL Postgres,sql window-function subquery type-fromscratch,fromscratch
"Your classification model has 99% accuracy, but the business complains it's entirely failing to identify fraudulent transactions. The dataset has 99,000 normal transactions and 1,000 frauds. What metric should you use instead of accuracy?","<b>ANSWER:</b> Use a <code>confusion_matrix</code> and look at Precision, Recall, or the F1-Score.<br><br><b>The Simple Explanation:</b><br>A model that simply guesses 'Not Fraud' every time will be 99% accurate on this highly imbalanced dataset, but it is useless. Recall measures what percentage of the actual frauds you successfully caught.",Analyst ML,ml sklearn evaluation metrics type-scenario,scenario
What is the difference in string concatenation between Postgres and SQL Server?,"<b>ANSWER:</b><br>Postgres (and standard SQL): Uses the double pipe <code>||</code> (e.g., <code>'A' || 'B'</code>).<br>SQL Server: Uses the plus sign <code>+</code> (e.g., <code>'A' + 'B'</code>).",SQL Dialect Diff,sql strings concat dialect compare type-compare,compare
Write a query to get the current timestamp in MySQL vs Postgres.,<b>ANSWER:</b><br><code>NOW()</code> works in both! Postgres also frequently uses <code>CURRENT_TIMESTAMP</code>.,SQL Dialect Diff,sql dates now dialect type-fromscratch,fromscratch
"What does this code do?<br><code>SELECT p.ProductName, s.SaleAmount FROM Products p INNER JOIN Sales s ON p.ProductID = s.ProductID;</code>","<b>ANSWER:</b> Joins tables and returns only products that have at least one corresponding sale.<br><br><b>The Simple Explanation:</b><br>An `INNER JOIN` returns only the rows where there is a match in both tables. If a product has no sales, it will be excluded.",SQL Postgres,sql joins inner type-reverse,reverse
What is the difference between Postgres `TEXT` and MySQL `VARCHAR(255)`?,"<b>ANSWER:</b><br>In Postgres, `TEXT` is heavily optimized and you rarely need to specify a length limit unless required by business rules. In MySQL, you must specify lengths for `VARCHAR` and `TEXT` has indexing limitations.",SQL Dialect Diff,sql datatypes strings dialect compare type-compare,compare
"You have a table of employees and want to assign a unique sequential integer to each row based on their hire date, regardless of duplicate dates. Which window function accomplishes this?","<b>ANSWER:</b> Use the <code>ROW_NUMBER()</code> window function.<br><br><b>The Simple Explanation:</b><br>`ROW_NUMBER()` assigns a distinct, sequential integer to each row within a partition, unlike `RANK()` which can give the same number to ties.<br><br><b>The Code:</b><br><code>SELECT EmployeeName, HireDate, ROW_NUMBER() OVER (ORDER BY HireDate) as RowNum FROM Employees;</code>",SQL Postgres,sql window-function row-number type-scenario,scenario
"Given a table of Orders with a CustomerID column containing values [10, 10, 20, 30], what does <code>SELECT COUNT(DISTINCT CustomerID) FROM Orders;</code> return?","<b>ANSWER:</b> 3<br><br><b>The Simple Explanation:</b><br>The distinct customers are 10, 20, and 30.",SQL Postgres,sql aggregation count-distinct type-predict,predict
You have a folder of daily CSV exports (`data/*.csv`). You need to load them all into a single massive Pandas DataFrame. How do you combine `glob` and `pd.concat` to do this?,"<b>ANSWER:</b> Use a list comprehension to read each file into a DataFrame, then pass the list to <code>pd.concat()</code>.<br><br><b>The Code:</b><br><code>import glob, pandas as pd<br>files = glob.glob('data/*.csv')<br>df_all = pd.concat([pd.read_csv(f) for f in files], ignore_index=True)</code>",Analyst Python,pandas analyst files glob concat type-scenario,scenario
"Write a script from scratch that creates an `outputs/` folder if it doesn't exist, and saves a DataFrame `df` to `outputs/cleaned.csv`.","<b>ANSWER:</b><br><code>import os, pandas as pd<br>os.makedirs('outputs', exist_ok=True)<br>df.to_csv('outputs/cleaned.csv', index=False)</code>",Analyst Python,pandas analyst files os to_csv type-fromscratch,fromscratch
"You are writing a Python script to update customer balances. Halfway through, the script crashes. How do you ensure the database doesn't save partial updates?","<b>ANSWER:</b> Wrap the queries in a Transaction using <code>BEGIN;</code> and <code>COMMIT;</code>.<br><br><b>The Simple Explanation:</b><br>If the script crashes, you (or the script) issues a `ROLLBACK;` command, undoing all changes made since `BEGIN`. `COMMIT` saves them permanently.",SQL Postgres,sql transactions type-scenario,scenario
"You want to pivot data so that distinct values from a 'Month' column become their own separate columns (e.g., 'Jan_Sales', 'Feb_Sales'). Without a native PIVOT function, how is this manually done in SQL?","<b>ANSWER:</b> Use conditional aggregation combining <code>SUM()</code> and <code>CASE WHEN</code>.<br><br><b>The Simple Explanation:</b><br>You create a new column for each category by wrapping a `CASE` statement inside an aggregate function. If the row matches the category, it returns the value; otherwise, it returns 0.<br><br><b>The Code:</b><br><code>SELECT Region, SUM(CASE WHEN Month = 'Jan' THEN Sales ELSE 0 END) as Jan_Sales FROM Sales GROUP BY Region;</code>",SQL Postgres,sql pivot aggregation type-scenario,scenario
`LabelEncoder` vs `OneHotEncoder` — what is the difference and when should you use each?,"<b>ANSWER:</b><br><code>LabelEncoder</code>: Converts categories into single integers (0, 1, 2). Use for ordinal data (Low, Medium, High) or the target column `y`.<br><code>OneHotEncoder</code>: Creates a new binary column (0/1) for each category. Use for nominal features (Red, Green, Blue) so the model doesn't think Red (0) is mathematically less than Blue (2).",Analyst ML,ml sklearn encoding compare type-compare,compare
Fill in the blank to add 1 day to a date in Postgres:<br><code>SELECT CURRENT_DATE + INTERVAL ____;</code>,"<b>ANSWER:</b> <code>'1 day'</code><br><br>(In MySQL, the syntax is `INTERVAL 1 DAY` without quotes).",SQL Dialect Diff,sql dates interval dialect type-cloze,cloze
"This script throws a `FileNotFoundError` if the folder doesn't exist, breaking the pipeline. How do you safely create the folder only if it's missing?<br><code>os.mkdir('exports')</code>","<b>ANSWER:</b> You should use <code>os.makedirs()</code> with <code>exist_ok=True</code>.<br><br><b>The Fix:</b><br><code>os.makedirs('exports', exist_ok=True)</code>",Python Files,python files os makedirs type-debug,debug
What does a Random Forest do that makes it generally superior to a single Decision Tree?,"<b>ANSWER:</b> It builds many individual decision trees on different random subsets of the data/features, and then averages their predictions (or takes a majority vote).<br><br><b>The Simple Explanation:</b><br>A single tree easily memorizes (overfits) the training data. Averaging hundreds of trees cancels out their individual errors.",Analyst ML,ml sklearn random-forest reverse type-reverse,reverse
You have an `Employees` table with `EmployeeID` and `ManagerID`. You need a report showing each employee's name next to their manager's name. How do you do this?,"<b>ANSWER:</b> Use a self-join by joining the table to itself.<br><br><b>The Simple Explanation:</b><br>Alias the table twice (e.g., `e` for employee, `m` for manager) and join where the employee's ManagerID matches the manager's EmployeeID.<br><br><b>The Code:</b><br><code>SELECT e.Name as Employee, m.Name as Manager FROM Employees e LEFT JOIN Employees m ON e.ManagerID = m.EmployeeID;</code>",SQL Postgres,sql self-join type-scenario,scenario
"What does this code do, and why is `random_state` important?<br><code>X_train, X_test, y_train, y_test = train_test_split(X, y, test_size=0.2, random_state=42)</code>","<b>ANSWER:</b> It randomly sets aside 20% of the data for testing.<br><br><b>The Simple Explanation:</b><br>`random_state=42` seeds the random number generator. It ensures that every time you (or a colleague) run the script, the exact same rows go into the test set, making your results reproducible.",Analyst ML,ml sklearn train_test_split reverse type-reverse,reverse
"Fill in the blank to apply a custom function `calc_tax` to every row, rather than every column:<br><code>df['Tax'] = df.apply(calc_tax, axis=____)</code>","<b>ANSWER:</b> <code>1</code><br><br><b>The Simple Explanation:</b><br>In pandas, `axis=0` applies down columns, while `axis=1` applies across rows.",Analyst Python,pandas analyst apply lambda type-cloze,cloze
"As a data analyst, you are asked to calculate the running total of sales for each month across different regions. You need to ensure the sum accumulates row by row based on the date. How do you implement this in SQL?","<b>ANSWER:</b> Use the <code>SUM()</code> window function with an <code>OVER()</code> clause ordered by date.<br><br><b>The Simple Explanation:</b><br>A window function performs a calculation across a set of table rows that are somehow related to the current row. Using `ORDER BY` inside `OVER()` creates a cumulative effect.<br><br><b>The Code:</b><br><code>SELECT Region, SaleDate, Amount, SUM(Amount) OVER (PARTITION BY Region ORDER BY SaleDate) as RunningTotal FROM Sales;</code>",SQL Postgres,sql window-function running-total type-scenario,scenario
Write a pandas operation from scratch that groups by 'Region' and sums 'Revenue' while taking the mean of 'Age'.,"<b>ANSWER:</b><br><code>summary = df.groupby('Region').agg({'Revenue': 'sum', 'Age': 'mean'})</code>",Analyst Python,pandas analyst groupby aggregation multiple type-fromscratch,fromscratch
"Fill in the blank to print a confusion matrix:<br><code>from sklearn.metrics import confusion_matrix<br>print(confusion_matrix(____, predictions))</code>",<b>ANSWER:</b> <code>y_test</code> (True labels always go first by convention in sklearn metrics),Analyst ML,ml sklearn confusion-matrix type-cloze,cloze
"The developer is trying to delete an entire directory containing old CSVs, but this code throws an `OSError: Directory not empty`. How do you fix it?<br><code>import os<br>os.rmdir('old_data')</code>",<b>ANSWER:</b> `os.rmdir` only works on completely empty directories.<br><br><b>The Fix:</b> Use `shutil.rmtree` to recursively delete everything inside.<br><code>import shutil<br>shutil.rmtree('old_data')</code>,Python Files,python files os shutil delete type-debug,debug
"The analyst tries to train a model with `model.fit(X_train, y_train)`, but gets a `ValueError: could not convert string to float`. What is the problem?","<b>ANSWER:</b> Sklearn models only understand numbers, but `X_train` contains text/categorical strings (like 'Red', 'Blue').<br><br><b>The Fix:</b> Encode the categorical columns into numbers using `OneHotEncoder` or pandas `get_dummies` before fitting.",Analyst ML,ml sklearn encoding error debug type-debug,debug
"What does `model.predict_proba(X_test)[:, 1]` specifically extract?","<b>ANSWER:</b> It extracts an array of probabilities specifically for the positive class (class 1).<br><br><b>The Simple Explanation:</b><br>`predict_proba` returns a 2D array: column 0 is the probability of class 0, and column 1 is the probability of class 1. Analysts usually only care about the probability of class 1 (e.g., probability of churn).",Analyst ML,ml sklearn predict_proba type-reverse,reverse
Fill in the blank to recursively find all `.json` files in a directory and its subdirectories using pathlib:<br><code>from pathlib import Path<br>for p in Path('.').____('*.json'):</code>,<b>ANSWER:</b> <code>rglob</code>,Python Files,python files pathlib glob recursive type-cloze,cloze
What does `[x for x in range(10) if x % 2 == 0]` evaluate to?,"<b>ANSWER:</b> `[0, 2, 4, 6, 8]`<br><br><b>The Simple Explanation:</b><br>This is a list comprehension with a conditional. It iterates 0 through 9 and only keeps the even numbers.",Python Core,python core list-comprehension conditional predict type-predict,predict
"Why does this dictionary comprehension throw a SyntaxError?<br><code>squares = {x: x**2 for x in [1, 2, 3]}</code>","<b>ANSWER:</b> It doesn't! This is perfectly valid Python.<br><br><b>The Simple Explanation:</b><br>Dictionary comprehensions use `{}` and a colon `:` to separate the key and value. The output is `{1: 1, 2: 4, 3: 9}`.",Python Core,python core dict-comprehension type-debug,debug
"If `x = '5'` and `y = 2`, what is `int(x) * y`?","<b>ANSWER:</b> `10`<br><br><b>The Simple Explanation:</b><br>The string '5' is cast to an integer 5, then multiplied by 2.",Python Core,python core types cast predict type-predict,predict
"Your DataFrame contains customer data, but there are missing values (NaN) in the 'Age' column. As an analyst, you decide the best approach is to fill these missing values with the median age of the dataset. How is this coded?","<b>ANSWER:</b> Use the <code>fillna()</code> method combined with <code>median()</code>.<br><br><b>The Simple Explanation:</b><br>`fillna()` replaces NA/NaN values. By calculating the median of the column and passing it to `fillna()`, you handle the missing data statistically.<br><br><b>The Code:</b><br><code>df['Age'] = df['Age'].fillna(df['Age'].median())</code>",Analyst Python,pandas analyst data-cleaning nulls type-scenario,scenario
Write a query to create a virtual table named `HighValueCustomers` that stores the definition of a complex SELECT statement.,<b>ANSWER:</b><br><code>CREATE VIEW HighValueCustomers AS<br>SELECT * FROM Customers WHERE TotalSpend > 10000;</code>,SQL Postgres,sql view fromscratch type-fromscratch,fromscratch
"You are writing a script that will be run via command line (e.g., `python run_model.py --date 2023-01-01`). Which built-in library is best for parsing these arguments safely?","<b>ANSWER:</b> Use the <code>argparse</code> module.<br><br><b>The Simple Explanation:</b><br>`argparse` cleanly parses command-line arguments, generates help/usage messages automatically, and enforces data types.<br><br><b>The Code:</b><br><code>import argparse<br>parser = argparse.ArgumentParser()<br>parser.add_argument('--date')<br>args = parser.parse_args()</code>",Python Core,python core argparse cli type-scenario,scenario
"What does this code do, and what is this pattern called?<br><code>SELECT c.Name, o.OrderDate FROM Customers c LEFT JOIN Orders o ON c.CustomerID = o.CustomerID WHERE o.OrderID IS NULL;</code>","<b>ANSWER:</b> Finds customers who have never placed an order using an anti-join pattern.<br><br><b>The Simple Explanation:</b><br>A `LEFT JOIN` combined with a `WHERE right_table.id IS NULL` filters out any rows that had a match, leaving only the rows from the left table that don't exist in the right table.",SQL Postgres,sql joins anti-join type-reverse,reverse
"Write a function from scratch that calculates the date exactly 30 days ago from today, and returns it as a YYYY-MM-DD string.","<b>ANSWER:</b><br><code>from datetime import datetime, timedelta<br>def thirty_days_ago():<br>    dt = datetime.now() - timedelta(days=30)<br>    return dt.strftime('%Y-%m-%d')</code>",Python Core,python dates timedelta type-fromscratch,fromscratch
You want to format today's date as a string like '2023-10-25' to append to a filename. Which datetime method do you use?,<b>ANSWER:</b> Use the <code>strftime()</code> method.<br><br><b>The Simple Explanation:</b><br>`strftime` stands for 'String Format Time'. It converts a datetime object into a readable string using format codes.<br><br><b>The Code:</b><br><code>from datetime import datetime<br>date_str = datetime.now().strftime('%Y-%m-%d')</code>,Python Core,python dates datetime strftime type-scenario,scenario
"Fill in the blank to perform an upsert in Postgres (insert if new, update if exists):<br><code>INSERT INTO users (id, logins) VALUES (1, 1) ON CONFLICT (id) DO ____ SET logins = logins + 1;</code>",<b>ANSWER:</b> <code>UPDATE</code>,SQL Postgres,sql insert upsert type-cloze,cloze
"Given the file path `C:/data/sales_2023.csv`, what does `Path('C:/data/sales_2023.csv').stem` return?","<b>ANSWER:</b> `sales_2023`<br><br><b>The Simple Explanation:</b><br>`.stem` returns the final component of the path, without its suffix/extension.",Python Files,python files pathlib stem predict type-predict,predict
`ROWS BETWEEN` vs `RANGE BETWEEN` in window frames — what's the difference?,<b>ANSWER:</b><br><code>ROWS</code> looks at the exact physical number of rows before/after the current one.<br><code>RANGE</code> looks at rows that share the same *value* in the ORDER BY clause (treating ties as a single group).,SQL Postgres,sql window-function frame compare type-compare,compare
"You need to categorize customers into 'High', 'Medium', and 'Low' value based on their total spend. This categorization logic needs to happen dynamically within your SELECT statement. How do you implement this conditional logic in SQL?","<b>ANSWER:</b> Use a <code>CASE WHEN</code> statement.<br><br><b>The Simple Explanation:</b><br>`CASE WHEN` is the SQL equivalent of an if-else statement. It evaluates conditions sequentially and returns a result when a condition is met.<br><br><b>The Code:</b><br><code>SELECT Spend, CASE WHEN Spend > 1000 THEN 'High' WHEN Spend > 500 THEN 'Medium' ELSE 'Low' END as Category FROM Customers;</code>",SQL Postgres,sql case-when conditional type-scenario,scenario
"This query fails with an error about aggregation. What is wrong and how do you fix it?<br><code>SELECT Region, SUM(Revenue) as Total FROM Sales GROUP BY Region WHERE SUM(Revenue) > 50000;</code>","<b>ANSWER:</b> You cannot use WHERE on an aggregated column.<br><br><b>The Fix:</b> Use the <code>HAVING</code> clause instead.<br><br><b>The Code:</b><br><code>SELECT Region, SUM(Revenue) as Total FROM Sales GROUP BY Region HAVING SUM(Revenue) > 50000;</code>",SQL Postgres,sql group-by having type-debug,debug
"This script is supposed to loop through all Excel files and sum the 'Revenue' column, but it's very slow because it concatenates DataFrames inside the loop. How do you fix it?<br><code>df_all = pd.DataFrame()<br>for f in files:<br>    df = pd.read_excel(f)<br>    df_all = pd.concat([df_all, df])</code>","<b>ANSWER:</b> Appending to a DataFrame in a loop creates a new copy of the data in memory every single iteration, leading to exponential slowdowns.<br><br><b>The Fix:</b> Append to a standard Python list, then concatenate exactly once at the end.<br><code>dfs = []<br>for f in files:<br>    dfs.append(pd.read_excel(f))<br>df_all = pd.concat(dfs)</code>",Analyst Python,pandas analyst files loop concat performance type-debug,debug
"Fill in the blank to concatenate all email addresses of users in a department into a single comma-separated string in Postgres:<br><code>SELECT Department, ____(Email, ', ') FROM Users GROUP BY Department;</code>",<b>ANSWER:</b> <code>STRING_AGG</code>,SQL Postgres,sql string-agg postgres type-cloze,cloze
"What does this code do, and what is this pattern called?<br><code>WITH RECURSIVE org AS (<br>  SELECT id, name, manager_id FROM employees WHERE manager_id IS NULL<br>  UNION ALL<br>  SELECT e.id, e.name, e.manager_id FROM employees e INNER JOIN org o ON e.manager_id = o.id<br>) SELECT * FROM org;</code>","<b>ANSWER:</b> It recursively traverses a hierarchy (like an org chart), starting from the boss and joining down to all subordinates.<br><br><b>The Simple Explanation:</b><br>This is a Recursive CTE. The first part is the anchor (base case), and the second part references the CTE itself to loop until no more rows are found.",SQL Postgres,sql cte recursive type-reverse,reverse
`LIMIT 10` vs `TOP 10` — which databases use which?,"<b>ANSWER:</b><br><code>LIMIT 10</code>: PostgreSQL, MySQL, SQLite (goes at the end of the query).<br><code>TOP 10</code>: SQL Server (goes immediately after SELECT).",SQL Dialect Diff,sql limit top dialect compare type-compare,compare
You need to physically move a processed CSV file from the 'incoming' folder to the 'archive' folder. Which built-in library and function do you use?,"<b>ANSWER:</b> Use <code>shutil.move()</code>.<br><br><b>The Simple Explanation:</b><br>`shutil` provides high-level file operations. `shutil.move(src, dst)` safely moves a file or directory.<br><br><b>The Code:</b><br><code>import shutil<br>shutil.move('incoming/data.csv', 'archive/data.csv')</code>",Python Files,python files shutil move type-scenario,scenario
"If `data = ['A', 'A', 'B', 'A', 'C']`, what does `Counter(data)` output?","<b>ANSWER:</b> `Counter({'A': 3, 'B': 1, 'C': 1})`<br><br><b>The Simple Explanation:</b><br>`Counter` from the `collections` module instantly creates a frequency dictionary of elements.",Python Core,python data-structures collections counter type-predict,predict
Write a script from scratch that creates a `logger` which writes info-level messages to a file named `pipeline.log`.,"<b>ANSWER:</b><br><code>import logging<br>logging.basicConfig(filename='pipeline.log', level=logging.INFO)<br>logging.info('Pipeline started')</code>",Python Core,python core logging type-fromscratch,fromscratch
`COALESCE()` vs `IFNULL()` — what's the difference?,"<b>ANSWER:</b><br><code>COALESCE()</code>: Standard SQL, accepts multiple arguments and returns the first non-null one.<br><code>IFNULL()</code>: MySQL specific (or ISNULL in SQL Server), only accepts two arguments.",SQL Dialect Diff,sql null-handling compare type-compare,compare
"Given a table with an index on the `Email` column, the analyst writes this query, but `EXPLAIN` shows a slow sequential scan. Why?<br><code>SELECT * FROM Users WHERE LOWER(Email) = 'test@example.com';</code>","<b>ANSWER:</b> Wrapping a column in a function (like `LOWER`) prevents the database from using a standard index on that column.<br><br><b>The Fix:</b> Create a functional/expression index on `LOWER(Email)`, or use a case-insensitive collation.",SQL Postgres,sql indexing performance type-debug,debug
